chromosome,bin_pos,species,n_schemes_top5
chr1,750000,Cinerea,6
chr1,750000,Selysi,6
chr1,800000,Cinerea,6
chr1,850000,Cinerea,6
chr1,900000,Cinerea,6
chr1,900000,Selysi,6
chr1,950000,Cinerea,6
chr1,950000,Selysi,6
chr1,1000000,Cinerea,6
chr1,1000000,Selysi,6
chr1,2750000,Cinerea,6
chr1,2750000,Selysi,6
chr1,3100000,Cinerea,6
chr1,3700000,Cinerea,6
chr1,3800000,Cinerea,6
chr1,3850000,Cinerea,6
chr1,3900000,Cinerea,6
chr1,3950000,Cinerea,6
chr1,4050000,Cinerea,6
chr1,4050000,Selysi,6
chr1,10850000,Selysi,6
chr1,10900000,Selysi,6
chr1,11050000,Selysi,6
chr1,11200000,Selysi,6
chr1,14050000,Cinerea,6
chr1,14900000,Selysi,6
chr1,14950000,Selysi,6
chr10,800000,Cinerea,6
chr10,1100000,Cinerea,6
chr10,2400000,Cinerea,6
chr10,2850000,Selysi,6
chr10,2900000,Cinerea,6
chr10,2950000,Cinerea,6
chr10,3050000,Cinerea,6
chr10,4100000,Cinerea,6
chr10,4350000,Cinerea,6
chr10,4400000,Cinerea,6
chr10,4550000,Cinerea,6
chr10,4650000,Cinerea,6
chr10,5050000,Cinerea,6
chr10,6700000,Cinerea,6
chr10,6700000,Selysi,6
chr10,6750000,Cinerea,6
chr10,6750000,Selysi,6
chr10,7050000,Cinerea,6
chr10,7200000,Cinerea,6
chr10,7200000,Selysi,6
chr10,7250000,Cinerea,6
chr10,7500000,Cinerea,6
chr10,7500000,Selysi,6
chr10,7550000,Cinerea,6
chr10,7600000,Cinerea,6
chr10,7600000,Selysi,6
chr10,7750000,Cinerea,6
chr10,7950000,Cinerea,6
chr10,8250000,Cinerea,6
chr10,8550000,Cinerea,6
chr10,8550000,Selysi,6
chr10,9500000,Selysi,6
chr10,9600000,Cinerea,6
chr10,9750000,Cinerea,6
chr10,9750000,Selysi,6
chr10,10050000,Cinerea,6
chr10,10300000,Cinerea,6
chr10,11950000,Cinerea,6
chr10,12450000,Cinerea,6
chr10,12600000,Cinerea,6
chr10,12850000,Cinerea,6
chr10,12850000,Selysi,6
chr11,5000000,Selysi,6
chr11,6400000,Cinerea,6
chr12,3000000,Cinerea,6
chr12,3150000,Cinerea,6
chr12,3950000,Selysi,6
chr13,4650000,Cinerea,6
chr13,4850000,Cinerea,6
chr13,4900000,Cinerea,6
chr13,5050000,Cinerea,6
chr13,5750000,Selysi,6
chr13,6100000,Cinerea,6
chr13,6250000,Cinerea,6
chr13,6250000,Selysi,6
chr13,6300000,Cinerea,6
chr13,6900000,Cinerea,6
chr13,8050000,Cinerea,6
chr13,8100000,Cinerea,6
chr13,11200000,Cinerea,6
chr13,11200000,Selysi,6
chr14,950000,Cinerea,6
chr14,4650000,Cinerea,6
chr14,5850000,Selysi,6
chr14,5900000,Cinerea,6
chr14,6150000,Cinerea,6
chr14,7250000,Cinerea,6
chr14,7250000,Selysi,6
chr14,7300000,Cinerea,6
chr14,7350000,Selysi,6
chr14,7650000,Cinerea,6
chr14,7700000,Cinerea,6
chr14,7750000,Cinerea,6
chr14,8350000,Cinerea,6
chr14,8350000,Selysi,6
chr15,50000,Selysi,6
chr15,3500000,Selysi,6
chr15,4400000,Cinerea,6
chr15,5050000,Selysi,6
chr16,950000,Selysi,6
chr16,1900000,Selysi,6
chr16,2150000,Selysi,6
chr16,6400000,Cinerea,6
chr16,7800000,Cinerea,6
chr16,8050000,Cinerea,6
chr16,8450000,Cinerea,6
chr16,8500000,Cinerea,6
chr16,9100000,Selysi,6
chr16,10100000,Selysi,6
chr17,6000000,Cinerea,6
chr17,6300000,Cinerea,6
chr17,7750000,Cinerea,6
chr17,8850000,Cinerea,6
chr17,8850000,Selysi,6
chr18,4400000,Cinerea,6
chr18,4500000,Cinerea,6
chr18,4550000,Cinerea,6
chr18,6300000,Cinerea,6
chr18,8100000,Selysi,6
chr19,5800000,Selysi,6
chr2,3050000,Selysi,6
chr2,4450000,Cinerea,6
chr2,6300000,Cinerea,6
chr2,6450000,Cinerea,6
chr2,6500000,Cinerea,6
chr2,6500000,Selysi,6
chr2,7000000,Cinerea,6
chr2,9000000,Cinerea,6
chr2,11050000,Cinerea,6
chr2,11850000,Selysi,6
chr20,3700000,Cinerea,6
chr20,4500000,Cinerea,6
chr20,4500000,Selysi,6
chr20,4550000,Cinerea,6
chr20,4550000,Selysi,6
chr20,4600000,Cinerea,6
chr20,4650000,Cinerea,6
chr20,4650000,Selysi,6
chr20,4750000,Cinerea,6
chr20,4950000,Selysi,6
chr20,5000000,Cinerea,6
chr20,5000000,Selysi,6
chr20,5400000,Cinerea,6
chr20,6550000,Cinerea,6
chr20,7250000,Cinerea,6
chr20,7500000,Cinerea,6
chr20,7500000,Selysi,6
chr20,7600000,Cinerea,6
chr20,7600000,Selysi,6
chr21,4700000,Selysi,6
chr21,8250000,Cinerea,6
chr22,1100000,Selysi,6
chr22,1350000,Cinerea,6
chr22,4650000,Cinerea,6
chr22,4650000,Selysi,6
chr22,5600000,Cinerea,6
chr22,5750000,Cinerea,6
chr23,3550000,Selysi,6
chr23,3850000,Selysi,6
chr23,3900000,Selysi,6
chr23,3950000,Selysi,6
chr23,4000000,Selysi,6
chr23,4050000,Selysi,6
chr23,4750000,Selysi,6
chr23,5400000,Selysi,6
chr24,50000,Cinerea,6
chr24,400000,Cinerea,6
chr24,650000,Cinerea,6
chr25,1350000,Cinerea,6
chr25,1600000,Selysi,6
chr25,1750000,Cinerea,6
chr25,1850000,Cinerea,6
chr25,2100000,Cinerea,6
chr25,2100000,Selysi,6
chr25,2350000,Selysi,6
chr25,2400000,Cinerea,6
chr25,2550000,Cinerea,6
chr25,2650000,Cinerea,6
chr25,2800000,Cinerea,6
chr25,3200000,Cinerea,6
chr25,3300000,Cinerea,6
chr25,3350000,Cinerea,6
chr25,3450000,Cinerea,6
chr25,3550000,Cinerea,6
chr25,3550000,Selysi,6
chr25,3750000,Cinerea,6
chr25,3850000,Cinerea,6
chr25,3900000,Cinerea,6
chr25,4200000,Selysi,6
chr25,5100000,Cinerea,6
chr25,5150000,Cinerea,6
chr25,10450000,Selysi,6
chr25,10500000,Selysi,6
chr25,10550000,Selysi,6
chr25,10600000,Selysi,6
chr26,3850000,Selysi,6
chr26,3900000,Selysi,6
chr26,5900000,Selysi,6
chr26,6050000,Selysi,6
chr26,6100000,Selysi,6
chr26,6600000,Selysi,6
chr27,1750000,Cinerea,6
chr27,1750000,Selysi,6
chr27,1800000,Cinerea,6
chr27,1800000,Selysi,6
chr27,1850000,Cinerea,6
chr27,1850000,Selysi,6
chr27,2600000,Selysi,6
chr27,3800000,Selysi,6
chr27,3850000,Selysi,6
chr27,3900000,Selysi,6
chr4,300000,Cinerea,6
chr4,1250000,Selysi,6
chr4,1500000,Cinerea,6
chr4,1500000,Selysi,6
chr4,1650000,Cinerea,6
chr4,2250000,Cinerea,6
chr4,8300000,Cinerea,6
chr4,8900000,Cinerea,6
chr4,13700000,Selysi,6
chr4,13750000,Selysi,6
chr5,250000,Selysi,6
chr5,400000,Cinerea,6
chr5,1900000,Cinerea,6
chr5,2200000,Cinerea,6
chr5,2300000,Cinerea,6
chr5,2400000,Cinerea,6
chr5,3450000,Cinerea,6
chr5,4200000,Cinerea,6
chr5,4400000,Cinerea,6
chr5,7300000,Selysi,6
chr5,7500000,Selysi,6
chr5,8300000,Cinerea,6
chr6,950000,Selysi,6
chr6,7600000,Cinerea,6
chr6,9350000,Selysi,6
chr6,11150000,Selysi,6
chr6,11200000,Selysi,6
chr6,11350000,Selysi,6
chr7,1300000,Selysi,6
chr7,1550000,Cinerea,6
chr7,3000000,Selysi,6
chr7,4600000,Selysi,6
chr7,4850000,Selysi,6
chr7,6200000,Cinerea,6
chr7,6400000,Cinerea,6
chr7,6700000,Cinerea,6
chr7,7150000,Cinerea,6
chr7,7450000,Cinerea,6
chr7,8550000,Cinerea,6
chr7,8800000,Cinerea,6
chr8,1400000,Cinerea,6
chr8,2500000,Selysi,6
chr8,2800000,Cinerea,6
chr8,3150000,Selysi,6
chr8,3200000,Selysi,6
chr8,3400000,Selysi,6
chr8,8600000,Selysi,6
chr8,8900000,Cinerea,6
chr8,9100000,Cinerea,6
chr8,9100000,Selysi,6
chr8,9200000,Cinerea,6
chr8,9450000,Cinerea,6
chr8,9850000,Cinerea,6
chr8,9900000,Cinerea,6
chr8,9950000,Cinerea,6
chr8,9950000,Selysi,6
chr8,10300000,Cinerea,6
chr8,10400000,Cinerea,6
chr8,12100000,Cinerea,6
chr9,100000,Selysi,6
chr9,950000,Selysi,6
chr9,1250000,Cinerea,6
chr9,2100000,Cinerea,6
chr9,2100000,Selysi,6
chr9,2550000,Cinerea,6
chr9,3100000,Selysi,6
chr9,6050000,Selysi,6
chr1,800000,Selysi,5
chr1,1900000,Cinerea,5
chr1,3100000,Selysi,5
chr1,3750000,Cinerea,5
chr1,5200000,Selysi,5
chr1,6600000,Selysi,5
chr1,8550000,Selysi,5
chr1,9000000,Selysi,5
chr1,10350000,Selysi,5
chr1,10950000,Selysi,5
chr1,11000000,Selysi,5
chr1,12250000,Cinerea,5
chr10,2200000,Cinerea,5
chr10,4250000,Cinerea,5
chr10,4450000,Cinerea,5
chr10,7550000,Selysi,5
chr10,7750000,Selysi,5
chr10,7800000,Cinerea,5
chr10,8250000,Selysi,5
chr10,8800000,Cinerea,5
chr10,10200000,Selysi,5
chr10,11900000,Cinerea,5
chr10,12600000,Selysi,5
chr11,550000,Selysi,5
chr11,6100000,Selysi,5
chr11,6400000,Selysi,5
chr12,7700000,Selysi,5
chr12,8000000,Selysi,5
chr12,9300000,Cinerea,5
chr13,8250000,Cinerea,5
chr13,9050000,Cinerea,5
chr13,11050000,Cinerea,5
chr14,6050000,Selysi,5
chr15,2850000,Cinerea,5
chr15,3300000,Selysi,5
chr15,3400000,Selysi,5
chr15,3600000,Selysi,5
chr15,4850000,Selysi,5
chr16,900000,Selysi,5
chr16,1850000,Selysi,5
chr16,6600000,Cinerea,5
chr16,6700000,Cinerea,5
chr16,8100000,Cinerea,5
chr16,8450000,Selysi,5
chr16,8500000,Selysi,5
chr16,9350000,Selysi,5
chr16,10400000,Selysi,5
chr17,6400000,Cinerea,5
chr17,6550000,Cinerea,5
chr17,6550000,Selysi,5
chr17,7000000,Selysi,5
chr17,7950000,Cinerea,5
chr17,8250000,Cinerea,5
chr17,8350000,Selysi,5
chr17,8500000,Cinerea,5
chr18,6200000,Cinerea,5
chr18,6250000,Cinerea,5
chr18,7200000,Selysi,5
chr19,1200000,Selysi,5
chr2,4050000,Cinerea,5
chr2,4100000,Cinerea,5
chr2,6800000,Cinerea,5
chr2,9750000,Cinerea,5
chr2,9950000,Selysi,5
chr2,10700000,Cinerea,5
chr20,4600000,Selysi,5
chr20,7400000,Cinerea,5
chr21,8250000,Selysi,5
chr22,1350000,Selysi,5
chr22,1400000,Cinerea,5
chr22,2700000,Selysi,5
chr22,3150000,Cinerea,5
chr22,5500000,Cinerea,5
chr22,5550000,Cinerea,5
chr23,750000,Selysi,5
chr25,700000,Selysi,5
chr25,1350000,Selysi,5
chr25,1550000,Selysi,5
chr25,1750000,Selysi,5
chr25,3050000,Selysi,5
chr25,3500000,Selysi,5
chr25,3750000,Selysi,5
chr25,3850000,Selysi,5
chr25,4300000,Cinerea,5
chr25,5500000,Cinerea,5
chr25,10350000,Selysi,5
chr26,6000000,Selysi,5
chr27,1650000,Selysi,5
chr27,2550000,Selysi,5
chr27,3750000,Selysi,5
chr4,1000000,Cinerea,5
chr4,13850000,Cinerea,5
chr4,13850000,Selysi,5
chr5,500000,Selysi,5
chr5,2300000,Selysi,5
chr5,2850000,Cinerea,5
chr5,2850000,Selysi,5
chr5,3500000,Selysi,5
chr5,8250000,Cinerea,5
chr6,3800000,Cinerea,5
chr6,5350000,Cinerea,5
chr6,7700000,Cinerea,5
chr7,650000,Selysi,5
chr7,1100000,Cinerea,5
chr7,1100000,Selysi,5
chr7,1400000,Cinerea,5
chr7,2650000,Cinerea,5
chr7,5700000,Cinerea,5
chr7,6550000,Cinerea,5
chr7,7050000,Cinerea,5
chr7,7200000,Cinerea,5
chr7,7250000,Cinerea,5
chr7,11550000,Selysi,5
chr8,2000000,Cinerea,5
chr8,2150000,Selysi,5
chr8,2500000,Cinerea,5
chr8,2750000,Cinerea,5
chr8,6800000,Selysi,5
chr8,8550000,Cinerea,5
chr8,9350000,Cinerea,5
chr8,9900000,Selysi,5
chr8,10100000,Cinerea,5
chr8,10600000,Cinerea,5
chr8,11700000,Cinerea,5
chr8,11800000,Selysi,5
chr9,600000,Selysi,5
chr9,2500000,Cinerea,5
chr9,2950000,Selysi,5
chr9,4150000,Selysi,5
chr9,5200000,Selysi,5
chr9,5750000,Selysi,5
chr1,3450000,Selysi,4
chr1,3650000,Selysi,4
chr1,3900000,Selysi,4
chr1,4200000,Selysi,4
chr1,4300000,Selysi,4
chr1,10800000,Selysi,4
chr1,11450000,Selysi,4
chr1,12300000,Cinerea,4
chr1,14100000,Cinerea,4
chr1,15100000,Selysi,4
chr1,15150000,Selysi,4
chr10,100000,Cinerea,4
chr10,800000,Selysi,4
chr10,2050000,Selysi,4
chr10,2250000,Cinerea,4
chr10,2400000,Selysi,4
chr10,3950000,Cinerea,4
chr10,4650000,Selysi,4
chr10,4700000,Cinerea,4
chr10,6900000,Selysi,4
chr10,7450000,Selysi,4
chr10,7650000,Selysi,4
chr10,8000000,Selysi,4
chr10,8300000,Selysi,4
chr10,8600000,Selysi,4
chr10,8700000,Selysi,4
chr10,10250000,Selysi,4
chr10,12450000,Selysi,4
chr10,12700000,Selysi,4
chr10,12800000,Cinerea,4
chr10,13250000,Selysi,4
chr11,0,Selysi,4
chr11,3450000,Selysi,4
chr12,50000,Selysi,4
chr12,1200000,Selysi,4
chr12,3750000,Selysi,4
chr13,200000,Selysi,4
chr13,250000,Selysi,4
chr13,1300000,Selysi,4
chr13,4700000,Selysi,4
chr13,5750000,Cinerea,4
chr13,5850000,Selysi,4
chr13,6200000,Selysi,4
chr13,7500000,Cinerea,4
chr13,10800000,Cinerea,4
chr13,10800000,Selysi,4
chr13,11000000,Selysi,4
chr13,11050000,Selysi,4
chr13,11100000,Selysi,4
chr14,2650000,Selysi,4
chr14,4400000,Selysi,4
chr14,5500000,Cinerea,4
chr14,6850000,Cinerea,4
chr14,7100000,Selysi,4
chr14,7400000,Selysi,4
chr14,7650000,Selysi,4
chr15,1500000,Selysi,4
chr15,2500000,Selysi,4
chr16,650000,Selysi,4
chr16,2300000,Selysi,4
chr16,2600000,Selysi,4
chr16,2800000,Selysi,4
chr16,4150000,Selysi,4
chr16,8700000,Cinerea,4
chr16,8850000,Cinerea,4
chr16,9550000,Selysi,4
chr16,9900000,Selysi,4
chr17,2000000,Selysi,4
chr17,3350000,Selysi,4
chr17,4400000,Selysi,4
chr17,6900000,Cinerea,4
chr17,7050000,Cinerea,4
chr17,7850000,Cinerea,4
chr17,8350000,Cinerea,4
chr17,8750000,Selysi,4
chr18,4450000,Cinerea,4
chr18,4600000,Cinerea,4
chr18,6600000,Selysi,4
chr19,5600000,Selysi,4
chr2,350000,Cinerea,4
chr2,5200000,Cinerea,4
chr2,7050000,Selysi,4
chr2,8000000,Cinerea,4
chr2,9750000,Selysi,4
chr20,100000,Selysi,4
chr20,6650000,Cinerea,4
chr21,500000,Selysi,4
chr21,4600000,Selysi,4
chr21,4750000,Selysi,4
chr21,6900000,Selysi,4
chr23,1300000,Selysi,4
chr23,3750000,Selysi,4
chr23,3800000,Selysi,4
chr23,4800000,Selysi,4
chr23,4850000,Selysi,4
chr24,2000000,Cinerea,4
chr24,5050000,Selysi,4
chr25,100000,Selysi,4
chr25,700000,Cinerea,4
chr25,950000,Selysi,4
chr25,1450000,Cinerea,4
chr25,1500000,Selysi,4
chr25,1950000,Cinerea,4
chr25,2300000,Selysi,4
chr25,2350000,Cinerea,4
chr25,2600000,Selysi,4
chr25,2800000,Selysi,4
chr25,3000000,Selysi,4
chr25,3200000,Selysi,4
chr25,3300000,Selysi,4
chr25,4750000,Selysi,4
chr25,5500000,Selysi,4
chr25,9700000,Selysi,4
chr26,2750000,Selysi,4
chr26,3700000,Selysi,4
chr26,4600000,Selysi,4
chr26,5950000,Selysi,4
chr4,13150000,Selysi,4
chr5,4350000,Selysi,4
chr5,8350000,Cinerea,4
chr5,11450000,Selysi,4
chr5,11900000,Selysi,4
chr5,11950000,Selysi,4
chr5,12000000,Selysi,4
chr5,12100000,Selysi,4
chr6,4200000,Cinerea,4
chr6,5000000,Selysi,4
chr6,6900000,Selysi,4
chr6,8950000,Cinerea,4
chr7,1500000,Selysi,4
chr7,2800000,Selysi,4
chr7,4400000,Cinerea,4
chr7,5500000,Cinerea,4
chr7,6600000,Selysi,4
chr7,6650000,Cinerea,4
chr7,8350000,Selysi,4
chr7,8400000,Selysi,4
chr7,8550000,Selysi,4
chr7,8850000,Selysi,4
chr7,8900000,Selysi,4
chr7,9150000,Cinerea,4
chr7,9150000,Selysi,4
chr7,10050000,Selysi,4
chr7,10950000,Selysi,4
chr8,950000,Cinerea,4
chr8,1800000,Cinerea,4
chr8,2250000,Selysi,4
chr8,2650000,Selysi,4
chr8,2750000,Selysi,4
chr8,2800000,Selysi,4
chr8,4200000,Selysi,4
chr8,6800000,Cinerea,4
chr8,7000000,Cinerea,4
chr8,8050000,Selysi,4
chr8,9450000,Selysi,4
chr8,9500000,Selysi,4
chr8,10350000,Cinerea,4
chr8,10350000,Selysi,4
chr8,10400000,Selysi,4
chr8,11050000,Selysi,4
chr8,11650000,Selysi,4
chr8,11700000,Selysi,4
chr9,50000,Selysi,4
chr9,450000,Cinerea,4
chr9,2400000,Cinerea,4
chr9,2550000,Selysi,4
chr9,2600000,Selysi,4
chr9,2850000,Selysi,4
chr9,3850000,Selysi,4
chr9,4200000,Selysi,4
chr9,6000000,Selysi,4
chr9,8850000,Selysi,4
chr1,400000,Selysi,3
chr1,1550000,Cinerea,3
chr1,2800000,Selysi,3
chr1,2850000,Selysi,3
chr1,3000000,Selysi,3
chr1,3200000,Selysi,3
chr1,3550000,Selysi,3
chr1,3600000,Selysi,3
chr1,4350000,Cinerea,3
chr1,4500000,Selysi,3
chr1,7200000,Selysi,3
chr1,7500000,Selysi,3
chr1,12150000,Selysi,3
chr1,13400000,Selysi,3
chr1,13550000,Selysi,3
chr1,13950000,Cinerea,3
chr10,0,Selysi,3
chr10,400000,Cinerea,3
chr10,550000,Selysi,3
chr10,700000,Cinerea,3
chr10,2200000,Selysi,3
chr10,2600000,Selysi,3
chr10,2750000,Selysi,3
chr10,4750000,Cinerea,3
chr10,6200000,Cinerea,3
chr10,6550000,Cinerea,3
chr10,7700000,Cinerea,3
chr10,9150000,Selysi,3
chr10,9200000,Selysi,3
chr10,9950000,Selysi,3
chr10,10250000,Cinerea,3
chr10,10500000,Selysi,3
chr10,11350000,Selysi,3
chr10,11550000,Selysi,3
chr10,12150000,Selysi,3
chr10,12200000,Selysi,3
chr10,12800000,Selysi,3
chr11,1150000,Selysi,3
chr11,3200000,Selysi,3
chr12,350000,Selysi,3
chr12,550000,Selysi,3
chr12,3450000,Cinerea,3
chr12,3600000,Cinerea,3
chr12,3950000,Cinerea,3
chr12,6100000,Cinerea,3
chr12,6300000,Cinerea,3
chr12,8100000,Selysi,3
chr12,8200000,Selysi,3
chr12,8950000,Selysi,3
chr13,150000,Selysi,3
chr13,2050000,Selysi,3
chr13,4600000,Cinerea,3
chr13,4600000,Selysi,3
chr13,5000000,Selysi,3
chr13,5350000,Cinerea,3
chr13,10200000,Cinerea,3
chr13,10750000,Cinerea,3
chr13,10850000,Cinerea,3
chr13,10850000,Selysi,3
chr13,11100000,Cinerea,3
chr14,0,Cinerea,3
chr14,2700000,Cinerea,3
chr14,3800000,Cinerea,3
chr14,4400000,Cinerea,3
chr14,5650000,Cinerea,3
chr14,5800000,Cinerea,3
chr14,6100000,Cinerea,3
chr14,6750000,Cinerea,3
chr14,7700000,Selysi,3
chr14,8200000,Selysi,3
chr15,950000,Cinerea,3
chr15,1250000,Selysi,3
chr15,1450000,Cinerea,3
chr15,2400000,Cinerea,3
chr15,2800000,Cinerea,3
chr15,5150000,Selysi,3
chr16,100000,Selysi,3
chr16,250000,Selysi,3
chr16,500000,Selysi,3
chr16,600000,Selysi,3
chr16,700000,Selysi,3
chr16,800000,Selysi,3
chr16,1400000,Selysi,3
chr16,1550000,Selysi,3
chr16,1650000,Selysi,3
chr16,4400000,Selysi,3
chr16,6700000,Selysi,3
chr16,6750000,Selysi,3
chr16,7750000,Cinerea,3
chr16,7750000,Selysi,3
chr16,8300000,Cinerea,3
chr16,8400000,Selysi,3
chr16,8550000,Selysi,3
chr16,8850000,Selysi,3
chr16,9000000,Selysi,3
chr17,50000,Selysi,3
chr17,1350000,Selysi,3
chr17,4350000,Selysi,3
chr17,6250000,Cinerea,3
chr17,6500000,Cinerea,3
chr17,7000000,Cinerea,3
chr17,7250000,Cinerea,3
chr17,7250000,Selysi,3
chr17,8400000,Cinerea,3
chr17,8600000,Cinerea,3
chr17,8650000,Selysi,3
chr18,4950000,Selysi,3
chr18,5650000,Cinerea,3
chr18,6500000,Selysi,3
chr18,6600000,Cinerea,3
chr18,7000000,Cinerea,3
chr18,7000000,Selysi,3
chr18,7050000,Selysi,3
chr18,7200000,Cinerea,3
chr18,8050000,Selysi,3
chr18,8200000,Selysi,3
chr19,1400000,Selysi,3
chr19,2000000,Cinerea,3
chr19,5550000,Selysi,3
chr19,5900000,Selysi,3
chr19,6000000,Selysi,3
chr2,3150000,Selysi,3
chr2,4550000,Cinerea,3
chr2,6450000,Selysi,3
chr2,6650000,Cinerea,3
chr2,7500000,Cinerea,3
chr2,9000000,Selysi,3
chr2,9250000,Cinerea,3
chr2,9700000,Cinerea,3
chr2,10300000,Cinerea,3
chr20,4450000,Cinerea,3
chr20,4950000,Cinerea,3
chr20,5300000,Cinerea,3
chr20,5350000,Cinerea,3
chr20,6650000,Selysi,3
chr20,6700000,Cinerea,3
chr20,7050000,Selysi,3
chr20,7200000,Cinerea,3
chr20,7400000,Selysi,3
chr20,7450000,Selysi,3
chr21,150000,Selysi,3
chr21,400000,Selysi,3
chr21,450000,Selysi,3
chr21,750000,Selysi,3
chr21,4450000,Selysi,3
chr21,7900000,Selysi,3
chr21,8300000,Cinerea,3
chr22,800000,Selysi,3
chr22,900000,Selysi,3
chr22,4200000,Cinerea,3
chr22,4700000,Selysi,3
chr22,5300000,Selysi,3
chr22,5650000,Cinerea,3
chr22,5750000,Selysi,3
chr23,150000,Selysi,3
chr23,200000,Selysi,3
chr23,1000000,Selysi,3
chr23,1700000,Selysi,3
chr23,4500000,Selysi,3
chr24,1150000,Cinerea,3
chr24,3650000,Selysi,3
chr25,550000,Selysi,3
chr25,600000,Cinerea,3
chr25,750000,Selysi,3
chr25,900000,Selysi,3
chr25,1150000,Cinerea,3
chr25,1200000,Cinerea,3
chr25,1800000,Selysi,3
chr25,1850000,Selysi,3
chr25,2150000,Selysi,3
chr25,3900000,Selysi,3
chr25,4250000,Selysi,3
chr25,4600000,Selysi,3
chr25,4650000,Cinerea,3
chr25,4950000,Cinerea,3
chr25,5050000,Selysi,3
chr25,5100000,Selysi,3
chr25,5450000,Selysi,3
chr25,7550000,Selysi,3
chr25,7600000,Selysi,3
chr25,7700000,Selysi,3
chr25,8250000,Selysi,3
chr25,10400000,Selysi,3
chr26,2250000,Selysi,3
chr26,5850000,Selysi,3
chr27,1600000,Selysi,3
chr27,1700000,Cinerea,3
chr27,1700000,Selysi,3
chr27,1900000,Selysi,3
chr27,3700000,Selysi,3
chr4,350000,Cinerea,3
chr4,650000,Selysi,3
chr4,1000000,Selysi,3
chr4,1750000,Cinerea,3
chr4,3650000,Cinerea,3
chr4,4650000,Cinerea,3
chr4,7200000,Selysi,3
chr4,7850000,Selysi,3
chr4,8750000,Cinerea,3
chr4,13550000,Selysi,3
chr4,13650000,Selysi,3
chr4,13700000,Cinerea,3
chr5,3100000,Selysi,3
chr5,4150000,Cinerea,3
chr5,5550000,Cinerea,3
chr5,6150000,Cinerea,3
chr5,11100000,Selysi,3
chr5,11150000,Selysi,3
chr5,11400000,Selysi,3
chr5,11900000,Cinerea,3
chr5,12050000,Selysi,3
chr6,1000000,Selysi,3
chr6,1500000,Selysi,3
chr6,2450000,Cinerea,3
chr6,5000000,Cinerea,3
chr6,9250000,Cinerea,3
chr6,9250000,Selysi,3
chr7,900000,Selysi,3
chr7,950000,Selysi,3
chr7,1250000,Cinerea,3
chr7,1250000,Selysi,3
chr7,1600000,Cinerea,3
chr7,2650000,Selysi,3
chr7,2900000,Cinerea,3
chr7,4100000,Cinerea,3
chr7,6700000,Selysi,3
chr7,8200000,Selysi,3
chr7,8750000,Selysi,3
chr7,8950000,Cinerea,3
chr7,10650000,Selysi,3
chr7,11150000,Selysi,3
chr7,11400000,Selysi,3
chr7,11550000,Cinerea,3
chr8,1350000,Cinerea,3
chr8,1450000,Cinerea,3
chr8,1700000,Selysi,3
chr8,2300000,Cinerea,3
chr8,2450000,Selysi,3
chr8,2850000,Selysi,3
chr8,2900000,Selysi,3
chr8,7400000,Selysi,3
chr8,7900000,Selysi,3
chr8,7950000,Selysi,3
chr8,8250000,Cinerea,3
chr8,8550000,Selysi,3
chr8,8600000,Cinerea,3
chr8,9200000,Selysi,3
chr8,9300000,Cinerea,3
chr8,9600000,Selysi,3
chr8,10250000,Selysi,3
chr8,10300000,Selysi,3
chr8,10450000,Selysi,3
chr8,11150000,Selysi,3
chr8,11400000,Selysi,3
chr8,12200000,Selysi,3
chr9,800000,Selysi,3
chr9,1100000,Cinerea,3
chr9,1350000,Selysi,3
chr9,1550000,Selysi,3
chr9,2150000,Cinerea,3
chr9,2350000,Selysi,3
chr9,2450000,Cinerea,3
chr9,2500000,Selysi,3
chr9,2700000,Cinerea,3
chr9,2700000,Selysi,3
chr9,3000000,Selysi,3
chr9,4050000,Selysi,3
chr9,5400000,Selysi,3
chr9,5600000,Selysi,3
chr9,5800000,Selysi,3
chr9,9600000,Selysi,3
chr1,250000,Selysi,2
chr1,350000,Cinerea,2
chr1,350000,Selysi,2
chr1,500000,Selysi,2
chr1,650000,Selysi,2
chr1,850000,Selysi,2
chr1,1050000,Cinerea,2
chr1,2400000,Cinerea,2
chr1,2850000,Cinerea,2
chr1,3500000,Cinerea,2
chr1,3700000,Selysi,2
chr1,3800000,Selysi,2
chr1,4000000,Selysi,2
chr1,4700000,Cinerea,2
chr1,5550000,Selysi,2
chr1,5800000,Selysi,2
chr1,7000000,Selysi,2
chr1,7650000,Selysi,2
chr1,8100000,Selysi,2
chr1,8650000,Selysi,2
chr1,8700000,Selysi,2
chr1,9350000,Selysi,2
chr1,10000000,Selysi,2
chr1,10300000,Selysi,2
chr1,10500000,Selysi,2
chr1,10650000,Selysi,2
chr1,10700000,Selysi,2
chr1,11100000,Selysi,2
chr1,11150000,Selysi,2
chr1,12000000,Selysi,2
chr1,12100000,Selysi,2
chr1,12200000,Cinerea,2
chr1,12250000,Selysi,2
chr1,12400000,Selysi,2
chr1,13300000,Cinerea,2
chr1,13750000,Cinerea,2
chr10,150000,Selysi,2
chr10,750000,Cinerea,2
chr10,1100000,Selysi,2
chr10,1600000,Cinerea,2
chr10,1600000,Selysi,2
chr10,1950000,Cinerea,2
chr10,1950000,Selysi,2
chr10,2850000,Cinerea,2
chr10,2900000,Selysi,2
chr10,3200000,Selysi,2
chr10,3350000,Selysi,2
chr10,3600000,Selysi,2
chr10,4100000,Selysi,2
chr10,4150000,Selysi,2
chr10,4550000,Selysi,2
chr10,4600000,Selysi,2
chr10,4950000,Selysi,2
chr10,6800000,Selysi,2
chr10,7450000,Cinerea,2
chr10,8000000,Cinerea,2
chr10,8150000,Cinerea,2
chr10,9200000,Cinerea,2
chr10,9500000,Cinerea,2
chr10,10050000,Selysi,2
chr10,11150000,Cinerea,2
chr10,11750000,Cinerea,2
chr10,11800000,Cinerea,2
chr10,12050000,Cinerea,2
chr10,12150000,Cinerea,2
chr10,12250000,Cinerea,2
chr11,150000,Selysi,2
chr11,200000,Selysi,2
chr11,450000,Selysi,2
chr11,900000,Selysi,2
chr11,3050000,Selysi,2
chr11,3350000,Selysi,2
chr11,3400000,Selysi,2
chr11,3500000,Selysi,2
chr11,3650000,Selysi,2
chr11,4550000,Cinerea,2
chr11,6200000,Selysi,2
chr11,6800000,Cinerea,2
chr11,6850000,Selysi,2
chr11,7700000,Cinerea,2
chr12,700000,Selysi,2
chr12,1350000,Selysi,2
chr12,1400000,Selysi,2
chr12,2500000,Selysi,2
chr12,2800000,Selysi,2
chr12,2950000,Cinerea,2
chr12,3100000,Selysi,2
chr12,3450000,Selysi,2
chr12,3750000,Cinerea,2
chr12,4050000,Cinerea,2
chr12,8250000,Selysi,2
chr12,8550000,Selysi,2
chr12,8650000,Selysi,2
chr12,8900000,Selysi,2
chr12,9000000,Selysi,2
chr12,9250000,Selysi,2
chr12,9300000,Selysi,2
chr13,3900000,Cinerea,2
chr13,4650000,Selysi,2
chr13,4700000,Cinerea,2
chr13,4950000,Cinerea,2
chr13,5050000,Selysi,2
chr13,5350000,Selysi,2
chr13,6100000,Selysi,2
chr13,6550000,Cinerea,2
chr13,6950000,Cinerea,2
chr13,7100000,Selysi,2
chr13,7600000,Selysi,2
chr13,7750000,Cinerea,2
chr13,7750000,Selysi,2
chr13,8100000,Selysi,2
chr13,8350000,Cinerea,2
chr13,8800000,Selysi,2
chr13,8900000,Cinerea,2
chr13,9150000,Selysi,2
chr13,9250000,Cinerea,2
chr13,9300000,Cinerea,2
chr13,9600000,Selysi,2
chr13,9800000,Cinerea,2
chr13,10900000,Cinerea,2
chr13,10900000,Selysi,2
chr13,10950000,Selysi,2
chr13,11000000,Cinerea,2
chr13,11150000,Selysi,2
chr14,850000,Cinerea,2
chr14,2650000,Cinerea,2
chr14,2700000,Selysi,2
chr14,2750000,Cinerea,2
chr14,3850000,Cinerea,2
chr14,4000000,Selysi,2
chr14,4650000,Selysi,2
chr14,5050000,Cinerea,2
chr14,6050000,Cinerea,2
chr14,6100000,Selysi,2
chr14,6200000,Selysi,2
chr14,6300000,Selysi,2
chr14,6800000,Cinerea,2
chr14,6850000,Selysi,2
chr14,7000000,Selysi,2
chr14,7050000,Selysi,2
chr14,7200000,Cinerea,2
chr14,7350000,Cinerea,2
chr14,7400000,Cinerea,2
chr14,7450000,Cinerea,2
chr14,7550000,Cinerea,2
chr14,8000000,Cinerea,2
chr15,150000,Selysi,2
chr15,850000,Cinerea,2
chr15,1200000,Cinerea,2
chr15,1400000,Selysi,2
chr15,1450000,Selysi,2
chr15,2000000,Selysi,2
chr15,2400000,Selysi,2
chr15,2700000,Cinerea,2
chr15,2800000,Selysi,2
chr15,2850000,Selysi,2
chr15,3200000,Selysi,2
chr15,3250000,Selysi,2
chr15,3350000,Selysi,2
chr15,3550000,Selysi,2
chr15,5250000,Selysi,2
chr15,7700000,Selysi,2
chr15,10400000,Selysi,2
chr16,50000,Selysi,2
chr16,1050000,Selysi,2
chr16,1450000,Selysi,2
chr16,6550000,Cinerea,2
chr16,6900000,Cinerea,2
chr16,7450000,Cinerea,2
chr16,7850000,Cinerea,2
chr16,9500000,Selysi,2
chr16,9750000,Selysi,2
chr16,9800000,Selysi,2
chr16,9950000,Selysi,2
chr16,10050000,Selysi,2
chr17,100000,Selysi,2
chr17,2050000,Selysi,2
chr17,3300000,Cinerea,2
chr17,4000000,Selysi,2
chr17,5300000,Selysi,2
chr17,5800000,Selysi,2
chr17,6250000,Selysi,2
chr17,6300000,Selysi,2
chr17,6400000,Selysi,2
chr17,6650000,Selysi,2
chr17,6700000,Selysi,2
chr17,6850000,Cinerea,2
chr17,6900000,Selysi,2
chr17,6950000,Cinerea,2
chr17,7100000,Selysi,2
chr17,7200000,Cinerea,2
chr17,7650000,Cinerea,2
chr17,7650000,Selysi,2
chr17,8050000,Selysi,2
chr17,8300000,Selysi,2
chr17,8500000,Selysi,2
chr17,8800000,Cinerea,2
chr17,8800000,Selysi,2
chr18,1950000,Cinerea,2
chr18,2050000,Cinerea,2
chr18,4150000,Cinerea,2
chr18,4650000,Cinerea,2
chr18,4650000,Selysi,2
chr18,4850000,Selysi,2
chr18,5000000,Cinerea,2
chr18,5000000,Selysi,2
chr18,5050000,Cinerea,2
chr18,5200000,Cinerea,2
chr18,5250000,Cinerea,2
chr18,5550000,Selysi,2
chr18,5750000,Cinerea,2
chr18,5800000,Cinerea,2
chr18,6100000,Cinerea,2
chr18,6300000,Selysi,2
chr18,6650000,Cinerea,2
chr18,6900000,Cinerea,2
chr18,6950000,Cinerea,2
chr18,6950000,Selysi,2
chr18,7750000,Selysi,2
chr19,1250000,Cinerea,2
chr19,2850000,Selysi,2
chr19,3150000,Selysi,2
chr19,3250000,Selysi,2
chr19,3700000,Selysi,2
chr19,3750000,Selysi,2
chr19,4500000,Selysi,2
chr19,4800000,Selysi,2
chr19,5700000,Selysi,2
chr19,5750000,Selysi,2
chr19,5950000,Selysi,2
chr19,6050000,Selysi,2
chr2,2350000,Selysi,2
chr2,3000000,Selysi,2
chr2,3100000,Selysi,2
chr2,4050000,Selysi,2
chr2,4100000,Selysi,2
chr2,4200000,Cinerea,2
chr2,4400000,Selysi,2
chr2,4450000,Selysi,2
chr2,4600000,Cinerea,2
chr2,5000000,Cinerea,2
chr2,5000000,Selysi,2
chr2,5200000,Selysi,2
chr2,5500000,Cinerea,2
chr2,6000000,Cinerea,2
chr2,7250000,Selysi,2
chr2,7450000,Selysi,2
chr2,7500000,Selysi,2
chr2,8600000,Cinerea,2
chr2,8600000,Selysi,2
chr2,8800000,Cinerea,2
chr2,9350000,Cinerea,2
chr2,9500000,Selysi,2
chr2,10000000,Cinerea,2
chr2,10100000,Cinerea,2
chr2,11300000,Selysi,2
chr2,11400000,Selysi,2
chr20,1300000,Cinerea,2
chr20,2050000,Cinerea,2
chr20,4750000,Selysi,2
chr20,4800000,Cinerea,2
chr20,4850000,Selysi,2
chr20,5150000,Cinerea,2
chr20,5350000,Selysi,2
chr20,6100000,Selysi,2
chr20,6400000,Cinerea,2
chr20,6550000,Selysi,2
chr20,6600000,Selysi,2
chr20,7100000,Cinerea,2
chr20,7150000,Cinerea,2
chr20,7550000,Selysi,2
chr21,2800000,Selysi,2
chr21,4400000,Selysi,2
chr21,4550000,Selysi,2
chr21,4650000,Selysi,2
chr21,4800000,Selysi,2
chr21,5450000,Selysi,2
chr21,5900000,Selysi,2
chr21,6650000,Selysi,2
chr21,6700000,Selysi,2
chr21,7750000,Cinerea,2
chr21,8100000,Cinerea,2
chr21,8300000,Selysi,2
chr22,650000,Cinerea,2
chr22,650000,Selysi,2
chr22,1100000,Cinerea,2
chr22,1750000,Cinerea,2
chr22,2650000,Selysi,2
chr22,3150000,Selysi,2
chr22,3200000,Selysi,2
chr22,3900000,Selysi,2
chr22,4050000,Cinerea,2
chr22,4300000,Cinerea,2
chr22,5300000,Cinerea,2
chr22,5500000,Selysi,2
chr22,5600000,Selysi,2
chr22,5650000,Selysi,2
chr23,2150000,Selysi,2
chr23,3000000,Selysi,2
chr23,3100000,Selysi,2
chr23,3200000,Selysi,2
chr23,4550000,Selysi,2
chr23,4900000,Selysi,2
chr23,5250000,Selysi,2
chr24,350000,Cinerea,2
chr24,400000,Selysi,2
chr24,500000,Cinerea,2
chr24,600000,Selysi,2
chr24,1750000,Cinerea,2
chr24,1900000,Selysi,2
chr24,2300000,Cinerea,2
chr24,2500000,Cinerea,2
chr24,2650000,Selysi,2
chr24,4400000,Selysi,2
chr24,5400000,Selysi,2
chr25,950000,Cinerea,2
chr25,1700000,Cinerea,2
chr25,2050000,Selysi,2
chr25,2550000,Selysi,2
chr25,3350000,Selysi,2
chr25,3450000,Selysi,2
chr25,3500000,Cinerea,2
chr25,3800000,Selysi,2
chr25,4200000,Cinerea,2
chr25,4300000,Selysi,2
chr25,4600000,Cinerea,2
chr25,4900000,Cinerea,2
chr25,5250000,Selysi,2
chr25,5550000,Cinerea,2
chr25,7450000,Selysi,2
chr25,7500000,Selysi,2
chr25,7850000,Selysi,2
chr25,8650000,Selysi,2
chr25,8900000,Selysi,2
chr25,10150000,Selysi,2
chr25,10250000,Selysi,2
chr26,1100000,Selysi,2
chr26,1500000,Selysi,2
chr26,2800000,Selysi,2
chr26,3150000,Selysi,2
chr26,3600000,Selysi,2
chr26,5150000,Selysi,2
chr26,5200000,Selysi,2
chr26,5250000,Selysi,2
chr26,5700000,Selysi,2
chr26,5800000,Selysi,2
chr26,5950000,Cinerea,2
chr26,6150000,Selysi,2
chr26,6200000,Selysi,2
chr26,6400000,Selysi,2
chr26,6500000,Selysi,2
chr26,6650000,Selysi,2
chr26,6800000,Selysi,2
chr26,6900000,Selysi,2
chr26,6950000,Selysi,2
chr26,7150000,Selysi,2
chr26,7200000,Selysi,2
chr27,100000,Selysi,2
chr27,500000,Cinerea,2
chr27,1900000,Cinerea,2
chr27,2300000,Selysi,2
chr27,2500000,Selysi,2
chr4,350000,Selysi,2
chr4,1450000,Cinerea,2
chr4,1750000,Selysi,2
chr4,2050000,Cinerea,2
chr4,2050000,Selysi,2
chr4,4950000,Selysi,2
chr4,5050000,Selysi,2
chr4,5100000,Selysi,2
chr4,5750000,Selysi,2
chr4,6850000,Selysi,2
chr4,7800000,Cinerea,2
chr4,8100000,Selysi,2
chr4,8650000,Cinerea,2
chr4,8900000,Selysi,2
chr4,8950000,Selysi,2
chr4,10000000,Selysi,2
chr4,10350000,Selysi,2
chr4,10650000,Selysi,2
chr4,12000000,Selysi,2
chr4,13600000,Selysi,2
chr5,250000,Cinerea,2
chr5,500000,Cinerea,2
chr5,1250000,Selysi,2
chr5,1650000,Cinerea,2
chr5,3450000,Selysi,2
chr5,3600000,Cinerea,2
chr5,3750000,Selysi,2
chr5,3800000,Cinerea,2
chr5,3900000,Selysi,2
chr5,4050000,Cinerea,2
chr5,4100000,Selysi,2
chr5,4150000,Selysi,2
chr5,4850000,Cinerea,2
chr5,5600000,Cinerea,2
chr5,6550000,Selysi,2
chr5,6850000,Selysi,2
chr5,6900000,Selysi,2
chr5,8350000,Selysi,2
chr5,9650000,Cinerea,2
chr5,11300000,Cinerea,2
chr5,12050000,Cinerea,2
chr6,2400000,Cinerea,2
chr6,2450000,Selysi,2
chr6,3150000,Cinerea,2
chr6,4800000,Selysi,2
chr6,5050000,Selysi,2
chr6,5350000,Selysi,2
chr6,5650000,Selysi,2
chr6,6300000,Cinerea,2
chr6,6300000,Selysi,2
chr6,7650000,Cinerea,2
chr6,7700000,Selysi,2
chr6,8100000,Cinerea,2
chr6,8800000,Cinerea,2
chr6,8800000,Selysi,2
chr6,8950000,Selysi,2
chr6,9000000,Selysi,2
chr6,9050000,Selysi,2
chr6,9550000,Selysi,2
chr6,10650000,Selysi,2
chr6,11100000,Selysi,2
chr7,50000,Selysi,2
chr7,200000,Selysi,2
chr7,250000,Selysi,2
chr7,300000,Selysi,2
chr7,350000,Selysi,2
chr7,700000,Selysi,2
chr7,800000,Selysi,2
chr7,1300000,Cinerea,2
chr7,1450000,Selysi,2
chr7,1500000,Cinerea,2
chr7,2150000,Cinerea,2
chr7,3000000,Cinerea,2
chr7,4800000,Cinerea,2
chr7,4800000,Selysi,2
chr7,5150000,Selysi,2
chr7,5750000,Selysi,2
chr7,6200000,Selysi,2
chr7,6300000,Cinerea,2
chr7,6300000,Selysi,2
chr7,6550000,Selysi,2
chr7,7150000,Selysi,2
chr7,7500000,Cinerea,2
chr7,7900000,Cinerea,2
chr7,8250000,Cinerea,2
chr7,8450000,Selysi,2
chr7,8800000,Selysi,2
chr7,8850000,Cinerea,2
chr7,8900000,Cinerea,2
chr7,11200000,Selysi,2
chr7,12100000,Cinerea,2
chr8,200000,Selysi,2
chr8,250000,Selysi,2
chr8,800000,Selysi,2
chr8,1450000,Selysi,2
chr8,1550000,Cinerea,2
chr8,1700000,Cinerea,2
chr8,2000000,Selysi,2
chr8,2050000,Cinerea,2
chr8,2050000,Selysi,2
chr8,2850000,Cinerea,2
chr8,2900000,Cinerea,2
chr8,3250000,Selysi,2
chr8,3350000,Selysi,2
chr8,4750000,Selysi,2
chr8,6500000,Cinerea,2
chr8,7900000,Cinerea,2
chr8,8650000,Cinerea,2
chr8,9000000,Selysi,2
chr8,9850000,Selysi,2
chr8,10850000,Selysi,2
chr8,11550000,Cinerea,2
chr8,12100000,Selysi,2
chr9,100000,Cinerea,2
chr9,200000,Cinerea,2
chr9,400000,Cinerea,2
chr9,800000,Cinerea,2
chr9,950000,Cinerea,2
chr9,1000000,Cinerea,2
chr9,1000000,Selysi,2
chr9,1100000,Selysi,2
chr9,1400000,Cinerea,2
chr9,1550000,Cinerea,2
chr9,2150000,Selysi,2
chr9,2750000,Cinerea,2
chr9,2900000,Selysi,2
chr9,3800000,Selysi,2
chr9,4300000,Selysi,2
chr9,4550000,Selysi,2
chr9,5000000,Selysi,2
chr9,5550000,Cinerea,2
chr9,5900000,Selysi,2
chr9,7100000,Selysi,2
chr9,7650000,Selysi,2
chr9,8650000,Selysi,2
chr1,50000,Selysi,1
chr1,650000,Cinerea,1
chr1,1050000,Selysi,1
chr1,1200000,Cinerea,1
chr1,1550000,Selysi,1
chr1,1650000,Selysi,1
chr1,1750000,Selysi,1
chr1,1950000,Selysi,1
chr1,2050000,Selysi,1
chr1,2450000,Selysi,1
chr1,2700000,Cinerea,1
chr1,2900000,Selysi,1
chr1,3000000,Cinerea,1
chr1,3450000,Cinerea,1
chr1,3500000,Selysi,1
chr1,3650000,Cinerea,1
chr1,3850000,Selysi,1
chr1,3950000,Selysi,1
chr1,4400000,Cinerea,1
chr1,4450000,Cinerea,1
chr1,4600000,Cinerea,1
chr1,4850000,Cinerea,1
chr1,5300000,Selysi,1
chr1,5400000,Selysi,1
chr1,5550000,Cinerea,1
chr1,5750000,Cinerea,1
chr1,6000000,Selysi,1
chr1,6400000,Selysi,1
chr1,6500000,Selysi,1
chr1,6600000,Cinerea,1
chr1,6650000,Cinerea,1
chr1,7000000,Cinerea,1
chr1,7100000,Selysi,1
chr1,7200000,Cinerea,1
chr1,7750000,Cinerea,1
chr1,7950000,Selysi,1
chr1,8100000,Cinerea,1
chr1,8500000,Selysi,1
chr1,8700000,Cinerea,1
chr1,8750000,Selysi,1
chr1,8850000,Cinerea,1
chr1,8850000,Selysi,1
chr1,9000000,Cinerea,1
chr1,9100000,Cinerea,1
chr1,9200000,Cinerea,1
chr1,9200000,Selysi,1
chr1,9250000,Selysi,1
chr1,9350000,Cinerea,1
chr1,9450000,Selysi,1
chr1,9650000,Cinerea,1
chr1,9650000,Selysi,1
chr1,9750000,Cinerea,1
chr1,9800000,Selysi,1
chr1,10000000,Cinerea,1
chr1,10350000,Cinerea,1
chr1,10450000,Cinerea,1
chr1,10650000,Cinerea,1
chr1,10750000,Cinerea,1
chr1,10750000,Selysi,1
chr1,10850000,Cinerea,1
chr1,11000000,Cinerea,1
chr1,11050000,Cinerea,1
chr1,11100000,Cinerea,1
chr1,11250000,Cinerea,1
chr1,11250000,Selysi,1
chr1,11400000,Selysi,1
chr1,11600000,Selysi,1
chr1,11650000,Cinerea,1
chr1,11650000,Selysi,1
chr1,11700000,Cinerea,1
chr1,11900000,Selysi,1
chr1,12100000,Cinerea,1
chr1,12150000,Cinerea,1
chr1,12300000,Selysi,1
chr1,12350000,Selysi,1
chr1,12450000,Cinerea,1
chr1,12550000,Cinerea,1
chr1,12850000,Cinerea,1
chr1,12850000,Selysi,1
chr1,13200000,Cinerea,1
chr1,13250000,Cinerea,1
chr1,13950000,Selysi,1
chr1,14000000,Selysi,1
chr1,14150000,Cinerea,1
chr1,14250000,Cinerea,1
chr1,14250000,Selysi,1
chr1,14300000,Cinerea,1
chr1,14700000,Cinerea,1
chr1,14800000,Cinerea,1
chr1,14800000,Selysi,1
chr1,14850000,Selysi,1
chr1,14950000,Cinerea,1
chr1,15100000,Cinerea,1
chr1,15150000,Cinerea,1
chr10,0,Cinerea,1
chr10,150000,Cinerea,1
chr10,300000,Selysi,1
chr10,400000,Selysi,1
chr10,500000,Selysi,1
chr10,650000,Cinerea,1
chr10,750000,Selysi,1
chr10,1150000,Cinerea,1
chr10,1500000,Selysi,1
chr10,1650000,Cinerea,1
chr10,1650000,Selysi,1
chr10,1850000,Cinerea,1
chr10,1900000,Cinerea,1
chr10,1900000,Selysi,1
chr10,2050000,Cinerea,1
chr10,2100000,Cinerea,1
chr10,2250000,Selysi,1
chr10,2550000,Cinerea,1
chr10,2600000,Cinerea,1
chr10,2700000,Cinerea,1
chr10,2750000,Cinerea,1
chr10,2950000,Selysi,1
chr10,3100000,Cinerea,1
chr10,3350000,Cinerea,1
chr10,3700000,Cinerea,1
chr10,3950000,Selysi,1
chr10,4000000,Selysi,1
chr10,4150000,Cinerea,1
chr10,4200000,Cinerea,1
chr10,4400000,Selysi,1
chr10,4500000,Cinerea,1
chr10,4500000,Selysi,1
chr10,4600000,Cinerea,1
chr10,5050000,Selysi,1
chr10,5100000,Cinerea,1
chr10,5200000,Selysi,1
chr10,5700000,Cinerea,1
chr10,6550000,Selysi,1
chr10,6600000,Cinerea,1
chr10,6650000,Cinerea,1
chr10,6800000,Cinerea,1
chr10,6900000,Cinerea,1
chr10,7050000,Selysi,1
chr10,7300000,Cinerea,1
chr10,7650000,Cinerea,1
chr10,7950000,Selysi,1
chr10,8050000,Cinerea,1
chr10,8050000,Selysi,1
chr10,8200000,Selysi,1
chr10,8300000,Cinerea,1
chr10,8400000,Cinerea,1
chr10,8500000,Cinerea,1
chr10,8500000,Selysi,1
chr10,8650000,Cinerea,1
chr10,8800000,Selysi,1
chr10,9650000,Selysi,1
chr10,10100000,Cinerea,1
chr10,10300000,Selysi,1
chr10,10550000,Cinerea,1
chr10,10600000,Selysi,1
chr10,10700000,Cinerea,1
chr10,10750000,Selysi,1
chr10,10800000,Cinerea,1
chr10,10800000,Selysi,1
chr10,10850000,Selysi,1
chr10,11050000,Cinerea,1
chr10,11150000,Selysi,1
chr10,11450000,Cinerea,1
chr10,11550000,Cinerea,1
chr10,11650000,Selysi,1
chr10,11750000,Selysi,1
chr10,12000000,Cinerea,1
chr10,12300000,Cinerea,1
chr10,12500000,Cinerea,1
chr10,12550000,Selysi,1
chr10,12700000,Cinerea,1
chr10,12900000,Cinerea,1
chr10,13100000,Cinerea,1
chr10,13200000,Cinerea,1
chr11,50000,Cinerea,1
chr11,150000,Cinerea,1
chr11,500000,Cinerea,1
chr11,550000,Cinerea,1
chr11,600000,Cinerea,1
chr11,600000,Selysi,1
chr11,650000,Cinerea,1
chr11,1000000,Cinerea,1
chr11,1200000,Cinerea,1
chr11,1300000,Selysi,1
chr11,1350000,Selysi,1
chr11,1450000,Cinerea,1
chr11,1800000,Selysi,1
chr11,1850000,Cinerea,1
chr11,1850000,Selysi,1
chr11,2200000,Cinerea,1
chr11,2550000,Selysi,1
chr11,2700000,Selysi,1
chr11,2800000,Cinerea,1
chr11,2800000,Selysi,1
chr11,2850000,Selysi,1
chr11,3050000,Cinerea,1
chr11,3100000,Cinerea,1
chr11,3150000,Cinerea,1
chr11,3200000,Cinerea,1
chr11,3250000,Cinerea,1
chr11,3350000,Cinerea,1
chr11,3400000,Cinerea,1
chr11,3450000,Cinerea,1
chr11,3500000,Cinerea,1
chr11,3550000,Cinerea,1
chr11,3550000,Selysi,1
chr11,3650000,Cinerea,1
chr11,3800000,Selysi,1
chr11,4100000,Cinerea,1
chr11,4700000,Cinerea,1
chr11,4700000,Selysi,1
chr11,4800000,Cinerea,1
chr11,5000000,Cinerea,1
chr11,5050000,Cinerea,1
chr11,5450000,Selysi,1
chr11,6100000,Cinerea,1
chr11,6150000,Cinerea,1
chr11,6150000,Selysi,1
chr11,6450000,Selysi,1
chr11,6650000,Cinerea,1
chr11,6850000,Cinerea,1
chr11,7000000,Cinerea,1
chr11,7650000,Selysi,1
chr11,7850000,Cinerea,1
chr11,7850000,Selysi,1
chr12,50000,Cinerea,1
chr12,850000,Cinerea,1
chr12,1050000,Selysi,1
chr12,1700000,Selysi,1
chr12,2000000,Selysi,1
chr12,2450000,Selysi,1
chr12,2800000,Cinerea,1
chr12,3000000,Selysi,1
chr12,3050000,Cinerea,1
chr12,3100000,Cinerea,1
chr12,3150000,Selysi,1
chr12,3500000,Cinerea,1
chr12,3500000,Selysi,1
chr12,3650000,Selysi,1
chr12,4150000,Cinerea,1
chr12,5400000,Cinerea,1
chr12,5450000,Selysi,1
chr12,5700000,Selysi,1
chr12,6600000,Selysi,1
chr12,6850000,Cinerea,1
chr12,7750000,Cinerea,1
chr12,7800000,Selysi,1
chr12,8050000,Selysi,1
chr12,8100000,Cinerea,1
chr12,8500000,Selysi,1
chr12,9050000,Selysi,1
chr12,9100000,Cinerea,1
chr12,9150000,Cinerea,1
chr12,9150000,Selysi,1
chr12,9250000,Cinerea,1
chr13,650000,Cinerea,1
chr13,700000,Selysi,1
chr13,850000,Selysi,1
chr13,950000,Cinerea,1
chr13,1750000,Cinerea,1
chr13,2000000,Selysi,1
chr13,3900000,Selysi,1
chr13,4100000,Selysi,1
chr13,4300000,Cinerea,1
chr13,4950000,Selysi,1
chr13,5200000,Selysi,1
chr13,5250000,Cinerea,1
chr13,5600000,Selysi,1
chr13,5800000,Cinerea,1
chr13,5850000,Cinerea,1
chr13,6150000,Cinerea,1
chr13,6150000,Selysi,1
chr13,6200000,Cinerea,1
chr13,6300000,Selysi,1
chr13,6400000,Cinerea,1
chr13,6900000,Selysi,1
chr13,7500000,Selysi,1
chr13,7600000,Cinerea,1
chr13,7950000,Cinerea,1
chr13,8050000,Selysi,1
chr13,8150000,Selysi,1
chr13,8250000,Selysi,1
chr13,8350000,Selysi,1
chr13,8550000,Selysi,1
chr13,8600000,Selysi,1
chr13,8800000,Cinerea,1
chr13,8900000,Selysi,1
chr13,9000000,Cinerea,1
chr13,9100000,Cinerea,1
chr13,9100000,Selysi,1
chr13,9150000,Cinerea,1
chr13,9750000,Cinerea,1
chr13,9800000,Selysi,1
chr13,9950000,Selysi,1
chr13,10450000,Cinerea,1
chr13,10650000,Cinerea,1
chr13,10700000,Cinerea,1
chr13,10950000,Cinerea,1
chr14,600000,Selysi,1
chr14,950000,Selysi,1
chr14,1300000,Cinerea,1
chr14,1300000,Selysi,1
chr14,1700000,Cinerea,1
chr14,3850000,Selysi,1
chr14,3900000,Cinerea,1
chr14,4300000,Cinerea,1
chr14,4450000,Cinerea,1
chr14,4900000,Cinerea,1
chr14,4900000,Selysi,1
chr14,5200000,Cinerea,1
chr14,5600000,Cinerea,1
chr14,5600000,Selysi,1
chr14,5800000,Selysi,1
chr14,5900000,Selysi,1
chr14,6150000,Selysi,1
chr14,6600000,Cinerea,1
chr14,6950000,Selysi,1
chr14,7600000,Selysi,1
chr14,7750000,Selysi,1
chr14,7850000,Cinerea,1
chr14,8150000,Cinerea,1
chr15,100000,Selysi,1
chr15,800000,Selysi,1
chr15,900000,Cinerea,1
chr15,1000000,Selysi,1
chr15,1350000,Cinerea,1
chr15,1500000,Cinerea,1
chr15,1600000,Cinerea,1
chr15,1750000,Cinerea,1
chr15,2350000,Selysi,1
chr15,2450000,Cinerea,1
chr15,2500000,Cinerea,1
chr15,2550000,Cinerea,1
chr15,2550000,Selysi,1
chr15,2900000,Cinerea,1
chr15,3150000,Selysi,1
chr15,3400000,Cinerea,1
chr15,3500000,Cinerea,1
chr15,3550000,Cinerea,1
chr15,3650000,Cinerea,1
chr15,3650000,Selysi,1
chr15,3700000,Cinerea,1
chr15,3750000,Cinerea,1
chr15,3850000,Selysi,1
chr15,4000000,Cinerea,1
chr15,4050000,Cinerea,1
chr15,4150000,Cinerea,1
chr15,4150000,Selysi,1
chr15,4200000,Selysi,1
chr15,4350000,Cinerea,1
chr15,4450000,Cinerea,1
chr15,5000000,Cinerea,1
chr15,5000000,Selysi,1
chr15,5050000,Cinerea,1
chr15,5100000,Cinerea,1
chr15,5300000,Selysi,1
chr15,5500000,Cinerea,1
chr15,5950000,Selysi,1
chr15,6000000,Selysi,1
chr15,6700000,Cinerea,1
chr15,6800000,Selysi,1
chr15,7050000,Selysi,1
chr15,7500000,Cinerea,1
chr15,7600000,Selysi,1
chr15,7700000,Cinerea,1
chr15,8200000,Selysi,1
chr15,8300000,Selysi,1
chr15,8400000,Selysi,1
chr15,8600000,Selysi,1
chr15,8750000,Cinerea,1
chr15,8850000,Cinerea,1
chr15,8850000,Selysi,1
chr15,8900000,Cinerea,1
chr15,8900000,Selysi,1
chr15,9550000,Selysi,1
chr15,9600000,Selysi,1
chr15,9750000,Cinerea,1
chr15,9800000,Selysi,1
chr15,9950000,Selysi,1
chr15,10000000,Selysi,1
chr15,10050000,Selysi,1
chr15,10100000,Selysi,1
chr15,10200000,Selysi,1
chr15,10300000,Selysi,1
chr16,1100000,Selysi,1
chr16,1150000,Selysi,1
chr16,1200000,Selysi,1
chr16,2350000,Selysi,1
chr16,4800000,Selysi,1
chr16,5000000,Selysi,1
chr16,5050000,Cinerea,1
chr16,5050000,Selysi,1
chr16,5150000,Selysi,1
chr16,5250000,Selysi,1
chr16,5650000,Cinerea,1
chr16,5650000,Selysi,1
chr16,6750000,Cinerea,1
chr16,7050000,Cinerea,1
chr16,7050000,Selysi,1
chr16,7100000,Cinerea,1
chr16,7100000,Selysi,1
chr16,7400000,Selysi,1
chr16,7950000,Cinerea,1
chr16,8050000,Selysi,1
chr16,8150000,Selysi,1
chr16,8350000,Cinerea,1
chr16,8700000,Selysi,1
chr16,8800000,Cinerea,1
chr16,8900000,Cinerea,1
chr16,9000000,Cinerea,1
chr16,9150000,Cinerea,1
chr16,9150000,Selysi,1
chr16,9300000,Selysi,1
chr16,9400000,Selysi,1
chr16,9500000,Cinerea,1
chr16,9700000,Selysi,1
chr16,9750000,Cinerea,1
chr17,150000,Cinerea,1
chr17,150000,Selysi,1
chr17,200000,Selysi,1
chr17,250000,Selysi,1
chr17,1900000,Selysi,1
chr17,1950000,Selysi,1
chr17,2000000,Cinerea,1
chr17,2600000,Cinerea,1
chr17,2700000,Selysi,1
chr17,3200000,Selysi,1
chr17,3700000,Cinerea,1
chr17,3950000,Selysi,1
chr17,4050000,Selysi,1
chr17,4100000,Selysi,1
chr17,4300000,Cinerea,1
chr17,5000000,Selysi,1
chr17,5050000,Cinerea,1
chr17,5050000,Selysi,1
chr17,5750000,Cinerea,1
chr17,5950000,Cinerea,1
chr17,6600000,Cinerea,1
chr17,6600000,Selysi,1
chr17,6650000,Cinerea,1
chr17,6750000,Cinerea,1
chr17,6750000,Selysi,1
chr17,7050000,Selysi,1
chr17,7100000,Cinerea,1
chr17,7300000,Selysi,1
chr17,7350000,Cinerea,1
chr17,7800000,Cinerea,1
chr17,7850000,Selysi,1
chr17,8000000,Selysi,1
chr17,8050000,Cinerea,1
chr17,8100000,Cinerea,1
chr17,8150000,Cinerea,1
chr17,8300000,Cinerea,1
chr17,8600000,Selysi,1
chr17,8700000,Cinerea,1
chr17,8750000,Cinerea,1
chr18,2000000,Cinerea,1
chr18,3400000,Selysi,1
chr18,3550000,Cinerea,1
chr18,3600000,Cinerea,1
chr18,3700000,Selysi,1
chr18,4150000,Selysi,1
chr18,4550000,Selysi,1
chr18,4900000,Cinerea,1
chr18,4900000,Selysi,1
chr18,4950000,Cinerea,1
chr18,5150000,Cinerea,1
chr18,5300000,Cinerea,1
chr18,5300000,Selysi,1
chr18,5500000,Selysi,1
chr18,5700000,Cinerea,1
chr18,6150000,Cinerea,1
chr18,6500000,Cinerea,1
chr18,6550000,Cinerea,1
chr18,6750000,Cinerea,1
chr18,6900000,Selysi,1
chr18,7150000,Cinerea,1
chr18,7250000,Selysi,1
chr18,7300000,Cinerea,1
chr18,7350000,Cinerea,1
chr18,7700000,Cinerea,1
chr18,7700000,Selysi,1
chr18,7750000,Cinerea,1
chr18,7950000,Selysi,1
chr18,8100000,Cinerea,1
chr18,8200000,Cinerea,1
chr19,1150000,Selysi,1
chr19,1200000,Cinerea,1
chr19,2750000,Selysi,1
chr19,3800000,Cinerea,1
chr19,3800000,Selysi,1
chr19,3850000,Cinerea,1
chr19,3850000,Selysi,1
chr19,3950000,Cinerea,1
chr19,4000000,Selysi,1
chr19,4200000,Cinerea,1
chr19,4400000,Cinerea,1
chr19,4400000,Selysi,1
chr19,4500000,Cinerea,1
chr19,4550000,Cinerea,1
chr19,4550000,Selysi,1
chr19,4600000,Cinerea,1
chr19,4850000,Selysi,1
chr19,4900000,Cinerea,1
chr19,5250000,Cinerea,1
chr19,5300000,Selysi,1
chr19,5650000,Selysi,1
chr19,6200000,Selysi,1
chr2,650000,Cinerea,1
chr2,650000,Selysi,1
chr2,850000,Selysi,1
chr2,1350000,Selysi,1
chr2,1650000,Cinerea,1
chr2,1750000,Selysi,1
chr2,2200000,Cinerea,1
chr2,2200000,Selysi,1
chr2,2350000,Cinerea,1
chr2,2450000,Selysi,1
chr2,2850000,Cinerea,1
chr2,2850000,Selysi,1
chr2,2950000,Selysi,1
chr2,3050000,Cinerea,1
chr2,3250000,Selysi,1
chr2,3800000,Selysi,1
chr2,3850000,Cinerea,1
chr2,3900000,Cinerea,1
chr2,4000000,Selysi,1
chr2,4150000,Cinerea,1
chr2,4350000,Selysi,1
chr2,4500000,Selysi,1
chr2,4550000,Selysi,1
chr2,5250000,Selysi,1
chr2,5300000,Cinerea,1
chr2,5850000,Cinerea,1
chr2,5900000,Selysi,1
chr2,6150000,Cinerea,1
chr2,6550000,Selysi,1
chr2,6650000,Selysi,1
chr2,6800000,Selysi,1
chr2,7000000,Selysi,1
chr2,7050000,Cinerea,1
chr2,7200000,Cinerea,1
chr2,7400000,Selysi,1
chr2,7450000,Cinerea,1
chr2,8000000,Selysi,1
chr2,8050000,Cinerea,1
chr2,8150000,Selysi,1
chr2,8700000,Selysi,1
chr2,8950000,Cinerea,1
chr2,9150000,Cinerea,1
chr2,9250000,Selysi,1
chr2,9450000,Cinerea,1
chr2,9450000,Selysi,1
chr2,9650000,Cinerea,1
chr2,9650000,Selysi,1
chr2,9700000,Selysi,1
chr2,10000000,Selysi,1
chr2,10050000,Selysi,1
chr2,10250000,Selysi,1
chr2,10350000,Selysi,1
chr2,10650000,Selysi,1
chr2,10700000,Selysi,1
chr2,11050000,Selysi,1
chr2,11100000,Selysi,1
chr2,11200000,Cinerea,1
chr2,11350000,Cinerea,1
chr2,11400000,Cinerea,1
chr2,11500000,Cinerea,1
chr2,11500000,Selysi,1
chr2,11750000,Selysi,1
chr2,11800000,Selysi,1
chr2,11850000,Cinerea,1
chr20,50000,Selysi,1
chr20,200000,Selysi,1
chr20,1350000,Cinerea,1
chr20,1350000,Selysi,1
chr20,1950000,Cinerea,1
chr20,2150000,Cinerea,1
chr20,2200000,Selysi,1
chr20,3350000,Cinerea,1
chr20,3400000,Selysi,1
chr20,3600000,Cinerea,1
chr20,3600000,Selysi,1
chr20,4700000,Cinerea,1
chr20,6450000,Cinerea,1
chr20,6500000,Cinerea,1
chr20,6700000,Selysi,1
chr20,6750000,Cinerea,1
chr20,7200000,Selysi,1
chr20,7300000,Selysi,1
chr20,7450000,Cinerea,1
chr21,950000,Selysi,1
chr21,1300000,Selysi,1
chr21,1550000,Cinerea,1
chr21,2400000,Selysi,1
chr21,2950000,Selysi,1
chr21,3150000,Selysi,1
chr21,3300000,Cinerea,1
chr21,3500000,Cinerea,1
chr21,3500000,Selysi,1
chr21,3550000,Cinerea,1
chr21,3550000,Selysi,1
chr21,3800000,Cinerea,1
chr21,3800000,Selysi,1
chr21,3850000,Selysi,1
chr21,4150000,Selysi,1
chr21,4400000,Cinerea,1
chr21,4500000,Cinerea,1
chr21,4750000,Cinerea,1
chr21,5400000,Selysi,1
chr21,5600000,Selysi,1
chr21,5850000,Selysi,1
chr21,6000000,Selysi,1
chr21,6150000,Selysi,1
chr21,6350000,Selysi,1
chr21,6700000,Cinerea,1
chr21,7650000,Cinerea,1
chr21,7700000,Selysi,1
chr21,7750000,Selysi,1
chr21,7800000,Cinerea,1
chr21,7850000,Cinerea,1
chr21,7900000,Cinerea,1
chr22,500000,Cinerea,1
chr22,1150000,Cinerea,1
chr22,1150000,Selysi,1
chr22,2050000,Selysi,1
chr22,2100000,Cinerea,1
chr22,2150000,Cinerea,1
chr22,2550000,Selysi,1
chr22,3200000,Cinerea,1
chr22,3900000,Cinerea,1
chr22,4000000,Cinerea,1
chr22,4050000,Selysi,1
chr22,4100000,Cinerea,1
chr22,4350000,Cinerea,1
chr22,4700000,Cinerea,1
chr22,5550000,Selysi,1
chr22,5700000,Cinerea,1
chr22,5800000,Cinerea,1
chr23,200000,Cinerea,1
chr23,350000,Selysi,1
chr23,750000,Cinerea,1
chr23,1300000,Cinerea,1
chr23,1800000,Cinerea,1
chr23,1800000,Selysi,1
chr23,2400000,Selysi,1
chr23,2450000,Selysi,1
chr23,2500000,Selysi,1
chr23,2550000,Selysi,1
chr23,2850000,Selysi,1
chr23,2900000,Cinerea,1
chr23,2900000,Selysi,1
chr23,3000000,Cinerea,1
chr23,3050000,Cinerea,1
chr23,3150000,Selysi,1
chr23,3450000,Cinerea,1
chr23,3700000,Selysi,1
chr23,3850000,Cinerea,1
chr23,3900000,Cinerea,1
chr23,3950000,Cinerea,1
chr23,4000000,Cinerea,1
chr23,4100000,Selysi,1
chr23,4300000,Cinerea,1
chr23,4300000,Selysi,1
chr23,4950000,Selysi,1
chr23,5050000,Cinerea,1
chr23,5100000,Selysi,1
chr23,5250000,Cinerea,1
chr23,5400000,Cinerea,1
chr24,150000,Cinerea,1
chr24,200000,Cinerea,1
chr24,250000,Cinerea,1
chr24,900000,Selysi,1
chr24,1000000,Cinerea,1
chr24,1100000,Cinerea,1
chr24,1150000,Selysi,1
chr24,1200000,Cinerea,1
chr24,1200000,Selysi,1
chr24,2100000,Cinerea,1
chr24,2250000,Selysi,1
chr24,3550000,Cinerea,1
chr24,4000000,Cinerea,1
chr24,4500000,Selysi,1
chr24,5200000,Selysi,1
chr24,5250000,Selysi,1
chr25,100000,Cinerea,1
chr25,300000,Cinerea,1
chr25,450000,Cinerea,1
chr25,550000,Cinerea,1
chr25,750000,Cinerea,1
chr25,800000,Cinerea,1
chr25,1100000,Selysi,1
chr25,1200000,Selysi,1
chr25,1450000,Selysi,1
chr25,1500000,Cinerea,1
chr25,2050000,Cinerea,1
chr25,2850000,Cinerea,1
chr25,2900000,Cinerea,1
chr25,2950000,Cinerea,1
chr25,4750000,Cinerea,1
chr25,4850000,Cinerea,1
chr25,5050000,Cinerea,1
chr25,5150000,Selysi,1
chr25,5350000,Selysi,1
chr25,5400000,Cinerea,1
chr25,5650000,Selysi,1
chr25,5800000,Selysi,1
chr25,7450000,Cinerea,1
chr25,7550000,Cinerea,1
chr25,7600000,Cinerea,1
chr25,7800000,Selysi,1
chr25,8050000,Cinerea,1
chr25,8200000,Selysi,1
chr25,8600000,Selysi,1
chr25,8650000,Cinerea,1
chr25,8950000,Selysi,1
chr25,9000000,Cinerea,1
chr25,9200000,Cinerea,1
chr25,9350000,Cinerea,1
chr25,9350000,Selysi,1
chr25,9600000,Selysi,1
chr25,9750000,Cinerea,1
chr25,9950000,Selysi,1
chr25,10050000,Cinerea,1
chr25,10150000,Cinerea,1
chr25,10200000,Cinerea,1
chr25,10250000,Cinerea,1
chr25,10450000,Cinerea,1
chr25,10500000,Cinerea,1
chr25,10550000,Cinerea,1
chr25,10600000,Cinerea,1
chr26,300000,Selysi,1
chr26,350000,Selysi,1
chr26,550000,Selysi,1
chr26,950000,Selysi,1
chr26,2150000,Cinerea,1
chr26,2650000,Selysi,1
chr26,2750000,Cinerea,1
chr26,2800000,Cinerea,1
chr26,2950000,Cinerea,1
chr26,3000000,Selysi,1
chr26,3150000,Cinerea,1
chr26,3250000,Cinerea,1
chr26,3350000,Cinerea,1
chr26,3550000,Selysi,1
chr26,3750000,Selysi,1
chr26,3800000,Cinerea,1
chr26,3800000,Selysi,1
chr26,4950000,Cinerea,1
chr26,5000000,Selysi,1
chr26,5700000,Cinerea,1
chr26,5800000,Cinerea,1
chr26,5900000,Cinerea,1
chr26,6000000,Cinerea,1
chr26,6050000,Cinerea,1
chr26,6100000,Cinerea,1
chr26,6150000,Cinerea,1
chr26,6450000,Selysi,1
chr26,6700000,Cinerea,1
chr26,6750000,Cinerea,1
chr26,6800000,Cinerea,1
chr27,50000,Selysi,1
chr27,250000,Selysi,1
chr27,500000,Selysi,1
chr27,550000,Cinerea,1
chr27,550000,Selysi,1
chr27,1200000,Selysi,1
chr27,1250000,Cinerea,1
chr27,1250000,Selysi,1
chr27,1350000,Selysi,1
chr27,1400000,Cinerea,1
chr27,1450000,Cinerea,1
chr27,1450000,Selysi,1
chr27,1650000,Cinerea,1
chr27,1950000,Cinerea,1
chr27,1950000,Selysi,1
chr27,2050000,Selysi,1
chr27,2300000,Cinerea,1
chr27,3400000,Cinerea,1
chr27,3400000,Selysi,1
chr27,3450000,Cinerea,1
chr27,3500000,Cinerea,1
chr27,3600000,Selysi,1
chr27,3650000,Selysi,1
chr27,3700000,Cinerea,1
chr27,3850000,Cinerea,1
chr27,3900000,Cinerea,1
chr27,3950000,Selysi,1
chr27,4000000,Cinerea,1
chr27,4000000,Selysi,1
chr27,4050000,Selysi,1
chr27,4100000,Selysi,1
chr4,0,Selysi,1
chr4,150000,Selysi,1
chr4,300000,Selysi,1
chr4,700000,Cinerea,1
chr4,1050000,Selysi,1
chr4,1200000,Selysi,1
chr4,1350000,Selysi,1
chr4,2250000,Selysi,1
chr4,2300000,Cinerea,1
chr4,2300000,Selysi,1
chr4,2850000,Cinerea,1
chr4,4350000,Cinerea,1
chr4,4450000,Cinerea,1
chr4,4650000,Selysi,1
chr4,4850000,Selysi,1
chr4,4900000,Cinerea,1
chr4,5250000,Cinerea,1
chr4,5350000,Cinerea,1
chr4,5350000,Selysi,1
chr4,5450000,Cinerea,1
chr4,5500000,Cinerea,1
chr4,5800000,Cinerea,1
chr4,6600000,Selysi,1
chr4,6650000,Cinerea,1
chr4,6850000,Cinerea,1
chr4,6900000,Selysi,1
chr4,7600000,Cinerea,1
chr4,8300000,Selysi,1
chr4,8500000,Cinerea,1
chr4,8750000,Selysi,1
chr4,8950000,Cinerea,1
chr4,9200000,Cinerea,1
chr4,9250000,Selysi,1
chr4,9550000,Cinerea,1
chr4,9950000,Selysi,1
chr4,10100000,Cinerea,1
chr4,10200000,Cinerea,1
chr4,10350000,Cinerea,1
chr4,10500000,Cinerea,1
chr4,10500000,Selysi,1
chr4,10600000,Cinerea,1
chr4,10600000,Selysi,1
chr4,10650000,Cinerea,1
chr4,10750000,Cinerea,1
chr4,10900000,Selysi,1
chr4,11000000,Selysi,1
chr4,11050000,Cinerea,1
chr4,11050000,Selysi,1
chr4,11100000,Selysi,1
chr4,11500000,Cinerea,1
chr4,11500000,Selysi,1
chr4,11650000,Selysi,1
chr4,13000000,Cinerea,1
chr4,13000000,Selysi,1
chr4,13050000,Cinerea,1
chr4,13250000,Selysi,1
chr4,13300000,Selysi,1
chr4,13500000,Cinerea,1
chr4,13500000,Selysi,1
chr4,13600000,Cinerea,1
chr4,13750000,Cinerea,1
chr5,0,Selysi,1
chr5,50000,Selysi,1
chr5,100000,Selysi,1
chr5,150000,Cinerea,1
chr5,150000,Selysi,1
chr5,200000,Cinerea,1
chr5,200000,Selysi,1
chr5,400000,Selysi,1
chr5,550000,Selysi,1
chr5,1900000,Selysi,1
chr5,1950000,Cinerea,1
chr5,1950000,Selysi,1
chr5,2350000,Cinerea,1
chr5,2400000,Selysi,1
chr5,2900000,Selysi,1
chr5,3550000,Selysi,1
chr5,3850000,Cinerea,1
chr5,3900000,Cinerea,1
chr5,3950000,Cinerea,1
chr5,4000000,Cinerea,1
chr5,4000000,Selysi,1
chr5,4100000,Cinerea,1
chr5,4250000,Selysi,1
chr5,4350000,Cinerea,1
chr5,4900000,Selysi,1
chr5,5600000,Selysi,1
chr5,5700000,Cinerea,1
chr5,5700000,Selysi,1
chr5,6250000,Cinerea,1
chr5,6350000,Cinerea,1
chr5,6400000,Cinerea,1
chr5,6550000,Cinerea,1
chr5,6650000,Cinerea,1
chr5,6700000,Cinerea,1
chr5,6700000,Selysi,1
chr5,6750000,Cinerea,1
chr5,6850000,Cinerea,1
chr5,6900000,Cinerea,1
chr5,6950000,Cinerea,1
chr5,6950000,Selysi,1
chr5,7350000,Selysi,1
chr5,7400000,Selysi,1
chr5,7500000,Cinerea,1
chr5,7850000,Selysi,1
chr5,7900000,Selysi,1
chr5,7950000,Cinerea,1
chr5,7950000,Selysi,1
chr5,8000000,Selysi,1
chr5,8050000,Selysi,1
chr5,9300000,Cinerea,1
chr5,9700000,Selysi,1
chr5,10600000,Selysi,1
chr5,10850000,Selysi,1
chr5,10900000,Selysi,1
chr5,10950000,Selysi,1
chr5,11150000,Cinerea,1
chr5,11400000,Cinerea,1
chr5,11450000,Cinerea,1
chr5,11500000,Selysi,1
chr5,11850000,Selysi,1
chr5,11950000,Cinerea,1
chr5,12100000,Cinerea,1
chr6,1150000,Selysi,1
chr6,2400000,Selysi,1
chr6,2850000,Cinerea,1
chr6,3250000,Cinerea,1
chr6,3550000,Cinerea,1
chr6,4000000,Selysi,1
chr6,4150000,Cinerea,1
chr6,4150000,Selysi,1
chr6,4500000,Cinerea,1
chr6,4800000,Cinerea,1
chr6,4900000,Cinerea,1
chr6,4950000,Cinerea,1
chr6,6150000,Selysi,1
chr6,6250000,Cinerea,1
chr6,6500000,Cinerea,1
chr6,6500000,Selysi,1
chr6,6600000,Selysi,1
chr6,6700000,Selysi,1
chr6,6750000,Selysi,1
chr6,7400000,Selysi,1
chr6,7800000,Cinerea,1
chr6,7850000,Cinerea,1
chr6,8050000,Cinerea,1
chr6,8100000,Selysi,1
chr6,8200000,Selysi,1
chr6,8350000,Cinerea,1
chr6,8400000,Cinerea,1
chr6,8650000,Selysi,1
chr6,8750000,Cinerea,1
chr6,9100000,Cinerea,1
chr6,9100000,Selysi,1
chr6,9300000,Cinerea,1
chr6,9350000,Cinerea,1
chr6,9750000,Cinerea,1
chr6,9850000,Cinerea,1
chr6,9900000,Cinerea,1
chr6,10050000,Cinerea,1
chr6,10050000,Selysi,1
chr6,10350000,Selysi,1
chr6,10450000,Selysi,1
chr6,10700000,Selysi,1
chr6,11100000,Cinerea,1
chr6,11150000,Cinerea,1
chr6,11200000,Cinerea,1
chr6,11350000,Cinerea,1
chr7,50000,Cinerea,1
chr7,150000,Cinerea,1
chr7,150000,Selysi,1
chr7,200000,Cinerea,1
chr7,300000,Cinerea,1
chr7,400000,Selysi,1
chr7,500000,Cinerea,1
chr7,500000,Selysi,1
chr7,600000,Selysi,1
chr7,650000,Cinerea,1
chr7,950000,Cinerea,1
chr7,1050000,Selysi,1
chr7,1150000,Cinerea,1
chr7,1200000,Selysi,1
chr7,1350000,Cinerea,1
chr7,1350000,Selysi,1
chr7,1450000,Cinerea,1
chr7,1600000,Selysi,1
chr7,1700000,Selysi,1
chr7,2100000,Selysi,1
chr7,2400000,Cinerea,1
chr7,2850000,Cinerea,1
chr7,3300000,Cinerea,1
chr7,4150000,Selysi,1
chr7,4250000,Cinerea,1
chr7,4250000,Selysi,1
chr7,4500000,Cinerea,1
chr7,4550000,Cinerea,1
chr7,4600000,Cinerea,1
chr7,4650000,Selysi,1
chr7,4850000,Cinerea,1
chr7,4900000,Cinerea,1
chr7,4900000,Selysi,1
chr7,5000000,Cinerea,1
chr7,5200000,Selysi,1
chr7,5400000,Cinerea,1
chr7,5450000,Cinerea,1
chr7,6000000,Cinerea,1
chr7,6000000,Selysi,1
chr7,6250000,Selysi,1
chr7,6400000,Selysi,1
chr7,6500000,Cinerea,1
chr7,6650000,Selysi,1
chr7,6800000,Cinerea,1
chr7,7100000,Cinerea,1
chr7,7100000,Selysi,1
chr7,7200000,Selysi,1
chr7,7250000,Selysi,1
chr7,7500000,Selysi,1
chr7,7650000,Cinerea,1
chr7,7850000,Cinerea,1
chr7,7850000,Selysi,1
chr7,8400000,Cinerea,1
chr7,8450000,Cinerea,1
chr7,8700000,Cinerea,1
chr7,9200000,Cinerea,1
chr7,9700000,Cinerea,1
chr7,9700000,Selysi,1
chr7,10050000,Cinerea,1
chr7,11200000,Cinerea,1
chr7,11450000,Selysi,1
chr8,50000,Selysi,1
chr8,350000,Selysi,1
chr8,400000,Selysi,1
chr8,850000,Cinerea,1
chr8,950000,Selysi,1
chr8,1000000,Cinerea,1
chr8,1050000,Cinerea,1
chr8,1100000,Selysi,1
chr8,1250000,Cinerea,1
chr8,1250000,Selysi,1
chr8,1350000,Selysi,1
chr8,1400000,Selysi,1
chr8,1500000,Cinerea,1
chr8,1850000,Cinerea,1
chr8,2100000,Cinerea,1
chr8,2150000,Cinerea,1
chr8,2550000,Selysi,1
chr8,3050000,Cinerea,1
chr8,3050000,Selysi,1
chr8,3150000,Cinerea,1
chr8,3200000,Cinerea,1
chr8,3300000,Cinerea,1
chr8,3300000,Selysi,1
chr8,3400000,Cinerea,1
chr8,3450000,Cinerea,1
chr8,3600000,Selysi,1
chr8,3900000,Selysi,1
chr8,4050000,Selysi,1
chr8,4100000,Cinerea,1
chr8,4100000,Selysi,1
chr8,4200000,Cinerea,1
chr8,5250000,Selysi,1
chr8,5450000,Cinerea,1
chr8,6900000,Selysi,1
chr8,7200000,Cinerea,1
chr8,7950000,Cinerea,1
chr8,8050000,Cinerea,1
chr8,8100000,Cinerea,1
chr8,8400000,Selysi,1
chr8,8650000,Selysi,1
chr8,8700000,Cinerea,1
chr8,8700000,Selysi,1
chr8,8800000,Cinerea,1
chr8,9300000,Selysi,1
chr8,9600000,Cinerea,1
chr8,10100000,Selysi,1
chr8,10500000,Cinerea,1
chr8,10800000,Cinerea,1
chr8,10850000,Cinerea,1
chr8,11550000,Selysi,1
chr8,11600000,Selysi,1
chr8,11850000,Cinerea,1
chr8,11900000,Selysi,1
chr8,12400000,Selysi,1
chr8,12500000,Cinerea,1
chr8,12500000,Selysi,1
chr9,50000,Cinerea,1
chr9,250000,Cinerea,1
chr9,500000,Cinerea,1
chr9,500000,Selysi,1
chr9,1050000,Cinerea,1
chr9,1200000,Selysi,1
chr9,1300000,Cinerea,1
chr9,1350000,Cinerea,1
chr9,1600000,Cinerea,1
chr9,1800000,Cinerea,1
chr9,1900000,Cinerea,1
chr9,1950000,Selysi,1
chr9,2000000,Cinerea,1
chr9,2250000,Cinerea,1
chr9,2400000,Selysi,1
chr9,2450000,Selysi,1
chr9,2600000,Cinerea,1
chr9,2900000,Cinerea,1
chr9,2950000,Cinerea,1
chr9,3050000,Cinerea,1
chr9,3100000,Cinerea,1
chr9,3200000,Selysi,1
chr9,3300000,Cinerea,1
chr9,3300000,Selysi,1
chr9,3350000,Cinerea,1
chr9,3350000,Selysi,1
chr9,3450000,Cinerea,1
chr9,3450000,Selysi,1
chr9,3700000,Selysi,1
chr9,3750000,Cinerea,1
chr9,3850000,Cinerea,1
chr9,3950000,Selysi,1
chr9,4000000,Cinerea,1
chr9,4150000,Cinerea,1
chr9,4300000,Cinerea,1
chr9,4350000,Selysi,1
chr9,4450000,Cinerea,1
chr9,4450000,Selysi,1
chr9,4550000,Cinerea,1
chr9,4600000,Cinerea,1
chr9,4650000,Cinerea,1
chr9,4950000,Selysi,1
chr9,5050000,Selysi,1
chr9,5250000,Selysi,1
chr9,5350000,Selysi,1
chr9,5550000,Selysi,1
chr9,5600000,Cinerea,1
chr9,5650000,Selysi,1
chr9,5700000,Selysi,1
chr9,5750000,Cinerea,1
chr9,5950000,Selysi,1
chr9,6000000,Cinerea,1
chr9,6050000,Cinerea,1
chr9,6100000,Cinerea,1
chr9,6500000,Cinerea,1
chr9,6550000,Cinerea,1
chr9,6650000,Cinerea,1
chr9,6750000,Selysi,1
chr9,6850000,Selysi,1
chr9,7000000,Selysi,1
chr9,7100000,Cinerea,1
chr9,7700000,Selysi,1
chr9,7800000,Selysi,1
chr9,8650000,Cinerea,1
chr9,9300000,Selysi,1
chr9,9700000,Selysi,1
